id,listing_url,scrape_id,last_scraped,name,summary,space,description,experiences_offered,neighborhood_overview,notes,transit,thumbnail_url,medium_url,picture_url,xl_picture_url,host_id,host_url,host_name,host_since,host_location,host_about,host_response_time,host_response_rate,host_acceptance_rate,host_is_superhost,host_thumbnail_url,host_picture_url,host_neighbourhood,host_listings_count,host_total_listings_count,host_verifications,host_has_profile_pic,host_identity_verified,street,neighbourhood,neighbourhood_cleansed,neighbourhood_group_cleansed,city,state,zipcode,market,smart_location,country_code,country,latitude,longitude,is_location_exact,property_type,room_type,accommodates,bathrooms,bedrooms,beds,bed_type,amenities,square_feet,price,weekly_price,monthly_price,security_deposit,cleaning_fee,guests_included,extra_people,minimum_nights,maximum_nights,calendar_updated,has_availability,availability_30,availability_60,availability_90,availability_365,calendar_last_scraped,number_of_reviews,first_review,last_review,review_scores_rating,review_scores_accuracy,review_scores_cleanliness,review_scores_checkin,review_scores_communication,review_scores_location,review_scores_value,requires_license,license,jurisdiction_names,instant_bookable,cancellation_policy,require_guest_profile_picture,require_guest_phone_verification,calculated_host_listings_count,reviews_per_month
5482204,https://www.airbnb.com/rooms/5482204,20160104002432,2016-01-04,Six room suite,"       Seattle's most elegant and romantic little Inn, Chelsea Station Inn B&B has penthouse sized lodging with all the comforts and attention to detail that will keep you smiling throughout your stay!    Each suite is 900 square feet of luxury !",Each suite is 900 square feet of luxury and elegance!  Come stay with us ..we love the company!,"       Seattle's most elegant and romantic little Inn, Chelsea Station Inn B&B has penthouse sized lodging with all the comforts and attention to detail that will keep you smiling throughout your stay!    Each suite is 900 square feet of luxury ! Each suite is 900 square feet of luxury and elegance!  Come stay with us ..we love the company! Please see more information at our website: www.ch(URL HIDDEN) We are a phone call away…. (PHONE NUMBER HIDDEN) Chelsea Station Inn is walking distance to the Fremont, Phiney Ridge, Green Lake and Wallingford neighborhoods; the Zoo, rose garden and Woodland Park are across the street; and you are on the best bus lines and driving routes to the Pike Place Market, Downtown, and the University District, yet our Inn is quiet and peaceful ! Super easy by bus or driving ! Each suite's kitchen is coffee ready with Nespresso machine, French Press and coffee (URL HIDDEN) well as the selection of teas… If you need and extra relaxation we have a hot tub for tw",none,"Chelsea Station Inn is walking distance to the Fremont, Phiney Ridge, Green Lake and Wallingford neighborhoods; the Zoo, rose garden and Woodland Park are across the street; and you are on the best bus lines and driving routes to the Pike Place Market, Downtown, and the University District, yet our Inn is quiet and peaceful !","Each suite's kitchen is coffee ready with Nespresso machine, French Press and coffee (URL HIDDEN) well as the selection of teas… If you need and extra relaxation we have a hot tub for two on our back patio as well as super sitting area and gas BBQ .",Super easy by bus or driving !,https://a1.muscache.com/ac/pictures/69724382/fe2f5441_original.jpg?interpolation=lanczos-none&size=small&output-format=jpg&output-quality=70,https://a1.muscache.com/im/pictures/69724382/fe2f5441_original.jpg?aki_policy=medium,https://a1.muscache.com/ac/pictures/69724382/fe2f5441_original.jpg?interpolation=lanczos-none&size=large_cover&output-format=jpg&output-quality=70,https://a1.muscache.com/ac/pictures/69724382/fe2f5441_original.jpg?interpolation=lanczos-none&size=x_large_cover&output-format=jpg&output-quality=70,28432113,https://www.airbnb.com/users/show/28432113,Chelsea Station Inn,2015-02-27,"Seattle, Washington, United States","Seattle's most elegant and romantic little Inn. Chelsea Station Inn B & B has penthouse size lodging with all the comforts and attention to detail that will keep you smiling throughout your stay…
Wine, cheese, beer, bottled water, juices, sparkling water, milk, granola, fruit and yogurt …chocolates…are available 24/7 in our complimentary ( free that is ) pantry. Come stay with us.. we love company!
To make a reservation please go to our website !
(website hidden)",,,,f,"https://a2.muscache.com/ac/users/28432113/profile_pic/1425016708/original.jpg?interpolation=lanczos-none&crop=w:w;*,*&crop=h:h;*,*&resize=50:*&output-format=jpg&output-quality=70","https://a2.muscache.com/ac/users/28432113/profile_pic/1425016708/original.jpg?interpolation=lanczos-none&crop=w:w;*,*&crop=h:h;*,*&resize=225:*&output-format=jpg&output-quality=70",Fremont,1.0,1.0,"['email', 'phone']",t,f,"Linden Avenue North, Seattle, WA 98103, United States",Fremont,Fremont,Other neighborhoods,Seattle,WA,98103,Seattle,"Seattle, WA",US,United States,47.66361331232179,-122.34951924240556,t,Bed & Breakfast,Private room,2,1.5,1.0,1.0,Real Bed,"{TV,""Cable TV"",Internet,""Wireless Internet"",""Air Conditioning"",Kitchen,""Free Parking on Premises"",Breakfast,""Hot Tub"",Heating,""Smoke Detector"",""Carbon Monoxide Detector"",""First Aid Kit"",""Fire Extinguisher"",Essentials,Shampoo}",,$185.00,,,,,1,$0.00,1,1125,10 months ago,t,0,0,0,275,2016-01-04,0,,,,,,,,,,f,,WASHINGTON,f,strict,f,f,1,
4524575,https://www.airbnb.com/rooms/4524575,20160104002432,2016-01-04,Comfortable Fremont Apartment,"This lovely apartment is located on the lower level of our home in a quiet Fremont neighborhood. Perched on a hillside, the yard offers views of the canal, Ballard Bridge, the Olympic Mountains and Mt Rainier. ","Our recently renovated apartment is perfect for a weekend get-away or long visits with nearby family and friends.  It offers a private entrance, living/dining area, kitchen, bedroom and bathroom.  From the French door entry there is a territorial view of the Ballard Bridge with the Olympic Mountains beyond.   Inside the living area is cozy with a leather love seat, TV, and dining table. The kitchen has custom cabinetry, new appliances and is fully equipped for cooking on a gas stove. The bedroom is large with a double bed and table for study or projects. The bathroom has a shower, no tub.  Just out the entry is a small outdoor covered sitting area. The shared back garden has views of the mountains, a patio and a barbeque tucked into a grape arbor; pre-arranged private time is available.  Amenities include: One off street parking place; Wi-Fi, cable, HBO, Chromecast, DVR, on-demand/pay per view movies (paid for separately), a compliment of DVD movies, Xbox, and a boom box with audio in ","This lovely apartment is located on the lower level of our home in a quiet Fremont neighborhood. Perched on a hillside, the yard offers views of the canal, Ballard Bridge, the Olympic Mountains and Mt Rainier.  Our recently renovated apartment is perfect for a weekend get-away or long visits with nearby family and friends.  It offers a private entrance, living/dining area, kitchen, bedroom and bathroom.  From the French door entry there is a territorial view of the Ballard Bridge with the Olympic Mountains beyond.   Inside the living area is cozy with a leather love seat, TV, and dining table. The kitchen has custom cabinetry, new appliances and is fully equipped for cooking on a gas stove. The bedroom is large with a double bed and table for study or projects. The bathroom has a shower, no tub.  Just out the entry is a small outdoor covered sitting area. The shared back garden has views of the mountains, a patio and a barbeque tucked into a grape arbor; pre-arranged private time is av",none,"Fremont is centrally located within the city and is commonly known as the center of the universe. Home to multiplicity of experiences including: a Sunday market, regular arts events, technology meet-ups, theater, a Sunday ferry around Lake Union, coffee houses, brewery tastings, or a visit to the troll under the bridge.  We have a very active music scene offering live music every night of the week. We even have a chocolate factory (Theo) with daily tours. The long and short of it is that you don't need to go very far to find something unique in Fremont. Close by… 3 blocks to Peak Park- with gorgeous unobstructed westerly views 4 blocks to the Lighthouse Roaster coffee shop 4 blocks to the #5 bus and a >20 minute ride to downtown 4 blocks to Ross Park (summer pick-up kickball games Fridays at 6) 7 blocks to the Burke-Gilman Trail 10 blocks to the Center of the Universe, downtown Fremont 11 blocks to the Woodland Park Zoo Restaurants, our top 5… - Restaurant Roux: Cajun cuisine with a sw",,"4 blocks to the #5 bus stop, providing a >20 minute ride to the center of downtown",https://a1.muscache.com/ac/pictures/56811707/62f9007e_original.jpg?interpolation=lanczos-none&size=small&output-format=jpg&output-quality=70,https://a1.muscache.com/im/pictures/56811707/62f9007e_original.jpg?aki_policy=medium,https://a1.muscache.com/ac/pictures/56811707/62f9007e_original.jpg?interpolation=lanczos-none&size=large_cover&output-format=jpg&output-quality=70,https://a1.muscache.com/ac/pictures/56811707/62f9007e_original.jpg?interpolation=lanczos-none&size=x_large_cover&output-format=jpg&output-quality=70,20853099,https://www.airbnb.com/users/show/20853099,Flora,2014-09-02,"Seattle, Washington, United States","I love family, community, people, culture, art, travel, dancing, humor, joy, and… ",within a few hours,100%,100%,t,"https://a1.muscache.com/ac/users/20853099/profile_pic/1415389984/original.jpg?interpolation=lanczos-none&crop=w:w;*,*&crop=h:h;*,*&resize=50:*&output-format=jpg&output-quality=70","https://a1.muscache.com/ac/users/20853099/profile_pic/1415389984/original.jpg?interpolation=lanczos-none&crop=w:w;*,*&crop=h:h;*,*&resize=225:*&output-format=jpg&output-quality=70",Fremont,1.0,1.0,"['email', 'phone', 'linkedin', 'reviews', 'kba']",t,t,"1st Avenue Northwest, Seattle, WA 98107, United States",Fremont,Fremont,Other neighborhoods,Seattle,WA,98107,Seattle,"Seattle, WA",US,United States,47.65707832262047,-122.35879467130437,t,Apartment,Entire home/apt,2,1.0,1.0,1.0,Real Bed,"{TV,""Cable TV"",Internet,""Wireless Internet"",Kitchen,""Free Parking on Premises"",Heating,""Family/Kid Friendly"",Washer,Dryer,""Smoke Detector"",""Carbon Monoxide Detector"",""First Aid Kit"",""Safety Card"",""Fire Extinguisher"",Essentials,Shampoo}",,$108.00,$700.00,"$2,500.00",$200.00,$45.00,2,$10.00,4,1125,a week ago,t,30,56,85,85,2016-01-04,28,2014-11-21,2015-12-10,100.0,10.0,10.0,10.0,10.0,10.0,10.0,f,,WASHINGTON,f,moderate,f,f,1,2.05
8562314,https://www.airbnb.com/rooms/8562314,20160104002432,2016-01-04,Cozy Craftsman in Heart of Fremont,"Our rare for its location, 2 bedroom and 1 bathroom craftsman style home is located in the heart of Fremont. Just a couple minutes walk to find out what all the fuss is about.","In a land ruled by condos, it's hard to find a house and a cute one at that, to rest your weary head. This craftsman style home was completely redone inside by the owner who built custom craftsman homes. There is a large yard to enjoy some city nature in, and everything in Fremont is only a few minutes walking distance. This home is in the heart of Fremont, one block south from the beloved troll under the bridge. Walk to PCC for some groceries or a quick bite, check out the Fremont Library, walk the Burke-Gilman Trail (or run it, depending on your idea of fun), and grab a bite to eat before checking out the shops -- or taking a tour of Theo's Chocolate Factory for dessert. This listing will comfortably fit 4 people. There is a queen bed in each room.","Our rare for its location, 2 bedroom and 1 bathroom craftsman style home is located in the heart of Fremont. Just a couple minutes walk to find out what all the fuss is about. In a land ruled by condos, it's hard to find a house and a cute one at that, to rest your weary head. This craftsman style home was completely redone inside by the owner who built custom craftsman homes. There is a large yard to enjoy some city nature in, and everything in Fremont is only a few minutes walking distance. This home is in the heart of Fremont, one block south from the beloved troll under the bridge. Walk to PCC for some groceries or a quick bite, check out the Fremont Library, walk the Burke-Gilman Trail (or run it, depending on your idea of fun), and grab a bite to eat before checking out the shops -- or taking a tour of Theo's Chocolate Factory for dessert. This listing will comfortably fit 4 people. There is a queen bed in each room. No sharing. This house is a private home so you will have compl",none,"I loved living here before we had 3 kids. The things I loved to do: walk to PCC to have a delicious lunch and people watch, stroll by the troll up the block where lots of people come from all around to take a photo with him, go shopping in one of the boutique shops, check out a book or two from the library, eat at one of the many restaurants (favorites were Jai Thai and El Camino). I also loved to walk, jog, and ride my bike along the Burke-Gilman Trail. I've taken more than one tour of Theo's Factory and taste tested their different and delicious flavors of chocolate bar. The Woodland Park Zoo is a very quick drive or bus ride up the hill. Downtown Seattle is also a drive or bus ride away (maybe 10-15 minutes) and you can visit some amazing museums: Experience Music Project (EMP), Pacific Science Museum, Children's Museum, Seattle Art Museum, and more. Check out the view from the Space Needle, watch the sea life at the Seattle Aquarium (my favorite spot in Seattle), or just get lost i",Please no parties or large groups at our home. We love this house and put a lot of work into it. We are hopeful to find visitors who will love staying here and will be nice to the home when they do.,"There is a bus stop on the corner of the street about a 1 minute walk from our home. From there you can get anywhere in the city. Parking is not included with this listing. There is street parking but it can be difficult to get. There is a paid lot behind our home and more paid lots situated around the neighborhood. We can tell you what the rate is and how to access the lot if you need some assistance.  The Burke-Gilman Trail is only one block south of the house, where you can ride your bike for miles and miles.",https://a0.muscache.com/ac/pictures/108784666/037fdaa6_original.jpg?interpolation=lanczos-none&size=small&output-format=jpg&output-quality=70,https://a0.muscache.com/im/pictures/108784666/037fdaa6_original.jpg?aki_policy=medium,https://a0.muscache.com/ac/pictures/108784666/037fdaa6_original.jpg?interpolation=lanczos-none&size=large_cover&output-format=jpg&output-quality=70,https://a0.muscache.com/ac/pictures/108784666/037fdaa6_original.jpg?interpolation=lanczos-none&size=x_large_cover&output-format=jpg&output-quality=70,18774473,https://www.airbnb.com/users/show/18774473,Victoria,2014-07-23,US,,,,,f,"https://a2.muscache.com/ac/pictures/9de2d88b-08f7-4dca-a1f9-65210712523e.jpg?interpolation=lanczos-none&crop=w:w;*,*&crop=h:h;*,*&resize=50:*&output-format=jpg&output-quality=70","https://a2.muscache.com/ac/pictures/9de2d88b-08f7-4dca-a1f9-65210712523e.jpg?interpolation=lanczos-none&crop=w:w;*,*&crop=h:h;*,*&resize=225:*&output-format=jpg&output-quality=70",,1.0,1.0,"['email', 'phone']",t,f,"North 35th Street, Seattle, WA 98103, United States",,Fremont,Other neighborhoods,Seattle,WA,98103,Seattle,"Seattle, WA",US,United States,47.650764951554585,-122.34778676901736,f,House,Entire home/apt,4,1.0,2.0,2.0,Real Bed,"{TV,""Wireless Internet"",Kitchen,""Pets Allowed"",Heating,Washer,Dryer,""Smoke Detector"",""Carbon Monoxide Detector"",""First Aid Kit"",""Fire Extinguisher"",Essentials}",,$200.00,"$1,300.00","$5,400.00",,,1,$0.00,2,1125,3 months ago,t,0,0,0,247,2016-01-04,0,,,,,,,,,,f,,WASHINGTON,f,flexible,f,f,1,
9698202,https://www.airbnb.com/rooms/9698202,20160104002432,2016-01-04,"Clean City House, Lots of Beds","Get anywhere in Seattle quickly from this great central location!  Located in Fremont, you can access Downtown, Ballard, Wallingford, Capital Hill, UW, all within minutes from the house. Plenty of beds, this house is great for large groups or small.","The space is well suited for large groups and families that need adequate sleeping arrangements.  This home come equipped with 6 Full sized beds, and 4 twins.  The living space is not massive, but between the main floor and the basement, it can certainly accommodate large groups.","Get anywhere in Seattle quickly from this great central location!  Located in Fremont, you can access Downtown, Ballard, Wallingford, Capital Hill, UW, all within minutes from the house. Plenty of beds, this house is great for large groups or small. The space is well suited for large groups and families that need adequate sleeping arrangements.  This home come equipped with 6 Full sized beds, and 4 twins.  The living space is not massive, but between the main floor and the basement, it can certainly accommodate large groups. Directions to access the house will be provided prior to your arrival, and you will have access to the full house. We will be available 24 hours a day, but try to leave our guests to themselves as much as possible.  We are happy to help anytime, and if you need anything, or if you have any special requests prior to arrival, we would be glad to accommodate. This house is central to any neighborhood you'd like to explore. Fremont, Ballard, and Wallingford just to nam",none,"This house is central to any neighborhood you'd like to explore. Fremont, Ballard, and Wallingford just to name a few.",,Bus lines galore! If you want to use public transit this is the place to stay. The bus stops are mere steps from the house and take you any direction you want to go!,https://a2.muscache.com/ac/pictures/60f3d68d-f557-4b6f-8ec9-4356ec920d99.jpg?interpolation=lanczos-none&size=small&output-format=jpg&output-quality=70,https://a2.muscache.com/im/pictures/60f3d68d-f557-4b6f-8ec9-4356ec920d99.jpg?aki_policy=medium,https://a2.muscache.com/ac/pictures/60f3d68d-f557-4b6f-8ec9-4356ec920d99.jpg?interpolation=lanczos-none&size=large_cover&output-format=jpg&output-quality=70,https://a2.muscache.com/ac/pictures/60f3d68d-f557-4b6f-8ec9-4356ec920d99.jpg?interpolation=lanczos-none&size=x_large_cover&output-format=jpg&output-quality=70,5325329,https://www.airbnb.com/users/show/5325329,Blair,2013-03-04,"Seattle, Washington, United States","My name is Blair and I'm glad you are interested in this house.  I've lived in Seattle my entire life, and would be happy to help you plan your trip.  

Please let me know if you have any questions.

-Blair",within a few hours,97%,100%,f,"https://a0.muscache.com/ac/users/5325329/profile_pic/1366955739/original.jpg?interpolation=lanczos-none&crop=w:w;*,*&crop=h:h;*,*&resize=50:*&output-format=jpg&output-quality=70","https://a0.muscache.com/ac/users/5325329/profile_pic/1366955739/original.jpg?interpolation=lanczos-none&crop=w:w;*,*&crop=h:h;*,*&resize=225:*&output-format=jpg&output-quality=70",Queen Anne,9.0,9.0,"['email', 'phone', 'facebook', 'linkedin', 'reviews', 'jumio']",t,t,"Linden Avenue North, Seattle, WA 98103, United States",Fremont,Fremont,Other neighborhoods,Seattle,WA,98103,Seattle,"Seattle, WA",US,United States,47.6611308507499,-122.34923758831135,t,House,Entire home/apt,16,3.5,4.0,10.0,Real Bed,"{TV,Internet,""Wireless Internet"",Kitchen,""Free Parking on Premises"",""Pets Allowed"",""Indoor Fireplace"",Heating,""Family/Kid Friendly"",Dryer,""Smoke Detector"",""Carbon Monoxide Detector"",""First Aid Kit"",""Fire Extinguisher"",Essentials,Shampoo,""24-Hour Check-in"",Hangers,""Hair Dryer"",Iron,""Laptop Friendly Workspace""}",,$250.00,,,$250.00,$100.00,12,$25.00,1,1125,today,t,25,51,72,328,2016-01-04,4,2015-12-14,2016-01-01,95.0,10.0,10.0,10.0,10.0,10.0,10.0,f,,WASHINGTON,f,moderate,f,f,8,4.0
7178490,https://www.airbnb.com/rooms/7178490,20160104002432,2016-01-04,Cedar House Studio Suite in Fremont,"Comfortable and clean, this lower level suite has a private entrance, fully equipped kitchen and full bath. Walking distance  to coffee shops, restaurants and local grocer.  Public transportation is a block away.","A lush, private garden path leads to the entrance of this newly renovated studio suite, with fully equipped kitchen and modern full bathroom. Kitchen has fridge, gas range, oven, dishwasher, coffee maker, toaster, microwave, dishes, and utensils. Sleeping area includes comfortable queen bed, dressers, armoire, pillows, and linens. Washer and dryer available by prior arrangement.","Comfortable and clean, this lower level suite has a private entrance, fully equipped kitchen and full bath. Walking distance  to coffee shops, restaurants and local grocer.  Public transportation is a block away. A lush, private garden path leads to the entrance of this newly renovated studio suite, with fully equipped kitchen and modern full bathroom. Kitchen has fridge, gas range, oven, dishwasher, coffee maker, toaster, microwave, dishes, and utensils. Sleeping area includes comfortable queen bed, dressers, armoire, pillows, and linens. Washer and dryer available by prior arrangement. Access to suite is through private entrance from garden in back of property. We want to ensure our guests are comfortable and get the most out of their Seattle stay.  We are happy to advise on the best food and activities in the neighborhood and Seattle at large.  We live upstairs and can be easily reached. Upper Fremont is a vibrant neighborhood that offers a little bit of everything. Just 7 blocks fr",none,"Upper Fremont is a vibrant neighborhood that offers a little bit of everything. Just 7 blocks from the Woodland Park Zoo and less than a mile from Greenlake. Fremont is known for its artsy vibe. Every Sunday Fremont hosts an outdoor street market along the waterfront next to the Theo Chocolate Factory.  Great restaurants, breweries, distilleries and shops can be found in Fremont.  It's a great walking neighborhood that has something for everyone.",There is a second staircase that leads to our upstairs kitchen located in the suite.  The door to the kitchen is always locked.,"This apartment is centrally located amongst the Ballard, Fremont, Wallingford, and Phinney neighborhoods.  Public transport access to downtown Seattle is only 1 block and a 15 minute ride away. University of Washington is 10 minutes away.  Excellent restaurants and coffee shops are mere steps from the apartment.",https://a2.muscache.com/ac/pictures/91338809/ebd49e70_original.jpg?interpolation=lanczos-none&size=small&output-format=jpg&output-quality=70,https://a2.muscache.com/im/pictures/91338809/ebd49e70_original.jpg?aki_policy=medium,https://a2.muscache.com/ac/pictures/91338809/ebd49e70_original.jpg?interpolation=lanczos-none&size=large_cover&output-format=jpg&output-quality=70,https://a2.muscache.com/ac/pictures/91338809/ebd49e70_original.jpg?interpolation=lanczos-none&size=x_large_cover&output-format=jpg&output-quality=70,566102,https://www.airbnb.com/users/show/566102,Eve,2011-05-07,"Seattle, Washington, United States","Seattle, WA",within a few hours,100%,100%,t,"https://a1.muscache.com/ac/users/566102/profile_pic/1436233503/original.jpg?interpolation=lanczos-none&crop=w:w;*,*&crop=h:h;*,*&resize=50:*&output-format=jpg&output-quality=70","https://a1.muscache.com/ac/users/566102/profile_pic/1436233503/original.jpg?interpolation=lanczos-none&crop=w:w;*,*&crop=h:h;*,*&resize=225:*&output-format=jpg&output-quality=70",Fremont,1.0,1.0,"['email', 'phone', 'facebook', 'reviews', 'kba']",t,t,"N 44th st, Seattle, WA 98103, United States",Fremont,Fremont,Other neighborhoods,Seattle,WA,98103,Seattle,"Seattle, WA",US,United States,47.660856278622845,-122.35240091090688,t,Apartment,Entire home/apt,2,1.0,0.0,1.0,Real Bed,"{TV,Internet,""Wireless Internet"",Kitchen,Heating,""Smoke Detector"",""Carbon Monoxide Detector"",""First Aid Kit"",""Fire Extinguisher"",Essentials,Shampoo,""24-Hour Check-in"",Hangers,""Hair Dryer"",Iron,""Laptop Friendly Workspace""}",,$125.00,$888.00,,$150.00,$45.00,1,$0.00,2,1125,3 weeks ago,t,23,53,83,358,2016-01-04,12,2015-08-04,2015-11-29,95.0,10.0,10.0,10.0,10.0,10.0,10.0,f,,WASHINGTON,f,strict,f,f,1,2.34
8054902,https://www.airbnb.com/rooms/8054902,20160104002432,2016-01-04,2 BR/1 BA Fremont Apt w/ parking,"This 2 bedroom, 1 bath garden-level apartment in Fremont features large windows, a full kitchen, and a private outdoor space. Also known as the ""Center of the Universe,"" Fremont is a vibrant, creative neighborhood.","The Space This 2 bedroom, 1 bath garden-level apartment in Fremont features a full kitchen, 1 dedicated parking spot and potential for 2 (just ask), washer and dryer, and a private outdoor space.   The Neighborhood Also known as the ""Center of the Universe,"" Fremont is a vibrant, creative neighborhood.  It's home to several award-winning restaurants, cafes, bars, breweries, and music venues.  Other popular spots in the quirky neighborhood include the  Fremont Sunday Market, Fremont Troll, and the Theo Chocolate factory tour.  Take a short bus ride, drive, or bike ride along the Burke-Gilman Trail to UW, Downtown, Wallingford, Ballard, and Greenlake/Woodland Park Zoo.  Getting Around Fremont is a great location for visitors looking to explore Seattle and for those in town for business! The apartment is near numerous bus lines,  including the 40 and 28 that runs to Downtown Seattle through South Lake Union (Amazon offices) and the 31/32 that runs to UW. Downtown Fremont is only a short w","This 2 bedroom, 1 bath garden-level apartment in Fremont features large windows, a full kitchen, and a private outdoor space. Also known as the ""Center of the Universe,"" Fremont is a vibrant, creative neighborhood. The Space This 2 bedroom, 1 bath garden-level apartment in Fremont features a full kitchen, 1 dedicated parking spot and potential for 2 (just ask), washer and dryer, and a private outdoor space.   The Neighborhood Also known as the ""Center of the Universe,"" Fremont is a vibrant, creative neighborhood.  It's home to several award-winning restaurants, cafes, bars, breweries, and music venues.  Other popular spots in the quirky neighborhood include the  Fremont Sunday Market, Fremont Troll, and the Theo Chocolate factory tour.  Take a short bus ride, drive, or bike ride along the Burke-Gilman Trail to UW, Downtown, Wallingford, Ballard, and Greenlake/Woodland Park Zoo.  Getting Around Fremont is a great location for visitors looking to explore Seattle and for those in town for",none,"One of the most fun neighborhoods in Seattle.  Also known as the ""Center of the Universe,"" Fremont is a vibrant, creative neighborhood.  It's home to several award-winning restaurants, cafes, bars, breweries, and music venues.  Other popular spots in the quirky neighborhood include the  Fremont Sunday Market, Fremont Troll, and the Theo Chocolate factory tour.  Take a short bus ride, drive, or bike ride along the Burke-Gilman Trail to UW, Downtown, Wallingford, Ballard, and Greenlake/Woodland Park Zoo.  ","This apartment is located directly below our 1927 Tudor-style home.  Like in any apartment setting, you may hear some footsteps above you.  We do our best to keep the noise level at a minimal. Please remember that you will be staying in a home, not a hotel. Therefore, we ask that you treat our space with the same respect you would show your own. We travel often and have help managing guest services for our home while we are away. The Pillow team will be available for assistance via email.  Our home has an electronic lock or lockbox located on or near the entrance. Before and during your stay, you will have access to our mobile-friendly guest site that contains check-in instructions, access instructions, amenity details, FAQs, and a reporting tool for maintenance requests. The codes needed to enter the property are available 48 hours prior to check-in in our online guest site. ","Fremont is a great location for visitors looking to explore Seattle and for those in town for business! The apartment is near numerous bus lines,  including the 40 and 28 that runs to Downtown Seattle through South Lake Union (Amazon offices) and the 31/32 that runs to UW. Downtown Fremont is only a short walk away.  The (SENSITIVE CONTENTS HIDDEN), Adobe, Tableau, and other business offices are just down the street from my house. You can also rent a bike from the numerous bike rental shops nearby and hop on the 27 mile long Burke-Gilman Trail that runs east to west through Seattle. If you have a car, the SR-99 is easily accessible which can also take you to Downtown Seattle via the George Washington Memorial Bridge.  Seattle Pacific University is also just a short bike ride or drive away. ",https://a1.muscache.com/ac/pictures/110078306/49d10801_original.jpg?interpolation=lanczos-none&size=small&output-format=jpg&output-quality=70,https://a1.muscache.com/im/pictures/110078306/49d10801_original.jpg?aki_policy=medium,https://a1.muscache.com/ac/pictures/110078306/49d10801_original.jpg?interpolation=lanczos-none&size=large_cover&output-format=jpg&output-quality=70,https://a1.muscache.com/ac/pictures/110078306/49d10801_original.jpg?interpolation=lanczos-none&size=x_large_cover&output-format=jpg&output-quality=70,4071088,https://www.airbnb.com/users/show/4071088,David,2012-11-05,"Seattle, Washington, United States","Hi!  My name is David and I currently live in Seattle, WA with my partner-in-crime, Sandy.  We love to travel to experience new cultures and meet new lifelong friends.  When traveling, we love anything outdoors - ecotourism, hiking, adventure tours - and we're learning how to backpack.  We are big foodies so feel free to ask us for our favorite spots around town.  We look forward to hosting you.  Welcome to your Seattle Getaway!",within an hour,100%,100%,f,"https://a0.muscache.com/ac/users/4071088/profile_pic/1443845566/original.jpg?interpolation=lanczos-none&crop=w:w;*,*&crop=h:h;*,*&resize=50:*&output-format=jpg&output-quality=70","https://a0.muscache.com/ac/users/4071088/profile_pic/1443845566/original.jpg?interpolation=lanczos-none&crop=w:w;*,*&crop=h:h;*,*&resize=225:*&output-format=jpg&output-quality=70",Fremont,1.0,1.0,"['email', 'phone', 'facebook', 'linkedin', 'reviews', 'jumio']",t,t,"1st Avenue Northwest, Seattle, WA 98107, United States",Fremont,Fremont,Other neighborhoods,Seattle,WA,98107,Seattle,"Seattle, WA",US,United States,47.65315763762634,-122.3562852193247,t,Apartment,Entire home/apt,6,1.0,2.0,2.0,Real Bed,"{TV,Internet,""Wireless Internet"",""Air Conditioning"",""Wheelchair Accessible"",Kitchen,""Free Parking on Premises"",Heating,""Family/Kid Friendly"",Washer,Dryer,""Smoke Detector"",""Carbon Monoxide Detector"",""Fire Extinguisher"",Essentials}",,$100.00,,,$200.00,$89.00,4,$20.00,2,30,today,t,19,49,79,329,2016-01-04,10,2015-10-21,2015-12-23,98.0,10.0,10.0,10.0,10.0,10.0,10.0,f,,WASHINGTON,f,strict,f,f,1,3.95
5458027,https://www.airbnb.com/rooms/5458027,20160104002432,2016-01-04,Sunny Charm in Urban Cottage 2BD,Charming urban home with rustic cottage feel. Enjoy and relax!,,"Charming urban home with rustic cottage feel. Enjoy and relax! My home is your home! Enjoy the living room, bedrooms, kitchen, and bathrooms. I do live in the house when I am not renting, so please treat my personal belongings with love & respect. Thank you! No access to laundry Deb, the cleaning lady & caretaker, will be in and out of the main house to do laundry for the cottage during your stay. She is wonderful!",none,,"Deb, the cleaning lady & caretaker, will be in and out of the main house to do laundry for the cottage during your stay. She is wonderful!",,,,https://a2.muscache.com/ac/pictures/101952566/aa44eb52_original.jpg?interpolation=lanczos-none&size=large_cover&output-format=jpg&output-quality=70,,6963318,https://www.airbnb.com/users/show/6963318,Grace,2013-06-17,"Seattle, Washington, United States","Welcome to Fremont!

I look forward to hosting you in the comfy, private cottage. 

AirBnB has been a gift to my life, granted by the combination of home ownership & technology. I cherish this business venture gift and the opportunity to open my home to you. I believe this is an incredible community bonded by innovation!

If you have any questions about the area or fun things to do, please ask! I've lived in Seattle for 10 years and LOVE Fremont for its unique, artsy vibe. 

Happy Travels 

~ grace


",within an hour,100%,100%,t,"https://a2.muscache.com/ac/users/6963318/profile_pic/1438824096/original.jpg?interpolation=lanczos-none&crop=w:w;*,*&crop=h:h;*,*&resize=50:*&output-format=jpg&output-quality=70","https://a2.muscache.com/ac/users/6963318/profile_pic/1438824096/original.jpg?interpolation=lanczos-none&crop=w:w;*,*&crop=h:h;*,*&resize=225:*&output-format=jpg&output-quality=70",Fremont,2.0,2.0,"['email', 'phone', 'reviews', 'jumio']",t,t,"Greenwood Avenue North, Seattle, WA 98103, United States",Fremont,Fremont,Other neighborhoods,Seattle,WA,98103,Seattle,"Seattle, WA",US,United States,47.65605673777555,-122.35451353821188,t,House,Entire home/apt,4,1.0,2.0,2.0,Real Bed,"{Internet,""Wireless Internet"",Kitchen,Heating,""Smoke Detector"",""Carbon Monoxide Detector"",""First Aid Kit"",""Safety Card"",""Fire Extinguisher"",Essentials}",,$160.00,,,,$50.00,1,$0.00,1,1125,3 months ago,t,0,0,0,109,2016-01-04,1,2015-08-31,2015-08-31,100.0,10.0,10.0,10.0,10.0,10.0,10.0,f,,WASHINGTON,f,flexible,f,f,2,0.24
4940491,https://www.airbnb.com/rooms/4940491,20160104002432,2016-01-04,Roof Deck in Fremont/Wallingford,"Adorable private studio nestled in one of Seattle quaintest neighborhoods and just up the street from Lake Union! Located on top floor with shared access to stunning roof deck! Roof deck has views of Lake Union, Skyline, Space Needle, Mount Rainier!",The studio is filled with beautiful original art I have collected over many years.,"Adorable private studio nestled in one of Seattle quaintest neighborhoods and just up the street from Lake Union! Located on top floor with shared access to stunning roof deck! Roof deck has views of Lake Union, Skyline, Space Needle, Mount Rainier! The studio is filled with beautiful original art I have collected over many years. The entire space is yours! The building's communal roof deck is on the same floor as the apartment - walk down the hall to the magnificent outdoor space where you can grill your dinner and gaze at Lake Union and Mount Rainier. I will meet you when you arrive, and then will leave you with your privacy. From the apartment it is an easy walk to the heart of the charming Fremont neighborhood as well as bustling Wallingford. The Fremont/Wallingford neighborhoods are among the most colorful in Seattle!  Fremont Brewery, Lake Union, and the Burke-Gillman Bike Trail are all just a few blocks away. Rent a stand up paddle board, sip wine in an Adirondack chair at Westw",none,"From the apartment it is an easy walk to the heart of the charming Fremont neighborhood as well as bustling Wallingford. The Fremont/Wallingford neighborhoods are among the most colorful in Seattle!  Fremont Brewery, Lake Union, and the Burke-Gillman Bike Trail are all just a few blocks away. Rent a stand up paddle board, sip wine in an Adirondack chair at Westward restaurant while gazing at the water, venture to the Fremont Troll sculpture under the bridge! Many of the best cafes and restaurants in Seattle are right at your doorstep!!",,Public Bus stops right outside the building.,,,https://a2.muscache.com/ac/pictures/63461830/1a7e26e4_original.jpg?interpolation=lanczos-none&size=large_cover&output-format=jpg&output-quality=70,,466499,https://www.airbnb.com/users/show/466499,Elizabeth,2011-03-27,"Arlington, Massachusetts, United States","Until last year, I lived in the Boston area, but moved to Seattle at the end of 2013. I love it here!!! The beauty of the Pacific Northwest is without equal. I look forward to hosting you in my beautiful little home!",within a day,100%,100%,f,"https://a0.muscache.com/ac/users/466499/profile_pic/1428785045/original.jpg?interpolation=lanczos-none&crop=w:w;*,*&crop=h:h;*,*&resize=50:*&output-format=jpg&output-quality=70","https://a0.muscache.com/ac/users/466499/profile_pic/1428785045/original.jpg?interpolation=lanczos-none&crop=w:w;*,*&crop=h:h;*,*&resize=225:*&output-format=jpg&output-quality=70",Wallingford,1.0,1.0,"['email', 'phone', 'reviews']",t,f,"Stone Way North, Seattle, WA 98103, United States",Wallingford,Fremont,Other neighborhoods,Seattle,WA,98103,Seattle,"Seattle, WA",US,United States,47.65430411543929,-122.34272006439116,t,Apartment,Entire home/apt,2,1.0,0.0,1.0,Real Bed,"{TV,""Cable TV"",Internet,""Wireless Internet"",Kitchen,""Elevator in Building"",Heating,Washer,Dryer,""Smoke Detector"",Essentials,Shampoo}",,$109.00,,"$1,800.00",,$25.00,2,$0.00,1,360,4 days ago,t,4,21,51,325,2016-01-04,7,2015-04-12,2015-10-04,97.0,10.0,10.0,10.0,10.0,10.0,9.0,f,,WASHINGTON,f,strict,f,f,1,0.78
1844791,https://www.airbnb.com/rooms/1844791,20160104002432,2016-01-04,Beautiful Craftsman - Fremont 3 Bed,"Our charming home in fabulous Upper Fremont is a Classic Craftsman w/ 3 BR and 2 BA, fully updated systems, original woodwork, great art, & comfy beds. Light filled cook's kitchen with big  deck & BBQ. It is mere steps to a grocery market, restaurants, 3 cafes, public transportation & the Woodland Park Zoo.","This is a classically beautiful Craftsman home with modern updates. If you have extra guests, we have an apartment on the ground floor that is available. You can view it at https://www.airbnb.com/rooms/6516775 For families, we are close to the Zoo, Greenlake and all that Fremont and Wallingford offer. For eating out, we are within blocks of Restaurant Roux (Cajun), Paseo (famous Caribbean Sandwiches), Rock Creek (Seafood), Via Tribunali (Pizza), Uneeda (Burgers), Pecado Bueno (Mexican) and Ha! (American bistro with bar). Further down the hill in Fremont, there are many more choices. For coffee there are three cafes: Cafe Vita, Lighthouse Roasters or Vif, a coffee and wine bar with great food - each of them are 2 short blocks away. For groceries, there is Marketime; it is small, but will have (almost) anything that you will need. For business travelers, the house is  close to Brooks, (SENSITIVE CONTENTS HIDDEN), Getty Images, Tableau, Adobe and others with easy access to downtown, UW or","Our charming home in fabulous Upper Fremont is a Classic Craftsman w/ 3 BR and 2 BA, fully updated systems, original woodwork, great art, & comfy beds. Light filled cook's kitchen with big  deck & BBQ. It is mere steps to a grocery market, restaurants, 3 cafes, public transportation & the Woodland Park Zoo. This is a classically beautiful Craftsman home with modern updates. If you have extra guests, we have an apartment on the ground floor that is available. You can view it at https://www.airbnb.com/rooms/6516775 For families, we are close to the Zoo, Greenlake and all that Fremont and Wallingford offer. For eating out, we are within blocks of Restaurant Roux (Cajun), Paseo (famous Caribbean Sandwiches), Rock Creek (Seafood), Via Tribunali (Pizza), Uneeda (Burgers), Pecado Bueno (Mexican) and Ha! (American bistro with bar). Further down the hill in Fremont, there are many more choices. For coffee there are three cafes: Cafe Vita, Lighthouse Roasters or Vif, a coffee and wine bar with g",none,"Fremont is wonderful; you will love it here. This special home is located in the Upper Fremont neighborhood, where it is a quick stroll to anything that you need. The Woodland Park Zoo is 6 blocks away and we are about a mile from Green Lake. The heart of the downtown Fremont neighborhood is 10 blocks down the hill. Despite that fact that the home is on a quiet street, within 3 blocks there are: *7 restaurants - Paseo; widely known for amazing Caribbean food, including sandwiches that have been voted among the best in the country by several magazines (Don't let the long lines deter you ! )  - Ha! ; A delightful neighborhood bistro with full bar    - Rockfish; a new seafood place that has opened to rave reviews  - Uneeda Burger; Gourmet burgers and great fries, including hand-made veggie burgers  - Pecado Bueno; a lively Mexican place with an extensive menu, salsa bar and $3 Margaritas  - Via Tribunali; Authentic Neopolitan Pizza from a wood-fired oven and a great Happy Hour  - Restaura","Normal check-in time is 3-4:00; whenever possible we meet all guests in person at check-in. Please let us know ASAP what your arrival time will be, in case we need to arrange other times. ",The #5 bus is 2 blocks away and it is a 15-20 minute ride to downtown Seattle.  The #44 is 4 blocks away and easy access to Ballard to the west  or University of Washington to the east.,https://a0.muscache.com/ac/pictures/26113769/f6876da3_original.jpg?interpolation=lanczos-none&size=small&output-format=jpg&output-quality=70,https://a0.muscache.com/im/pictures/26113769/f6876da3_original.jpg?aki_policy=medium,https://a0.muscache.com/ac/pictures/26113769/f6876da3_original.jpg?interpolation=lanczos-none&size=large_cover&output-format=jpg&output-quality=70,https://a0.muscache.com/ac/pictures/26113769/f6876da3_original.jpg?interpolation=lanczos-none&size=x_large_cover&output-format=jpg&output-quality=70,7964921,https://www.airbnb.com/users/show/7964921,Charlie & Sarah,2013-08-05,"Seattle, Washington, United States","Thank you for considering our house for your airbnb home. We have been airbnb hosts for a year and have just been named Superhosts by airbnb. We have a beautiful home, offer great service and are excited to offer our beautiful home to you.

We have lived in Seattle for many years. We both came to Seattle in 1979; Charlie from Brooklyn by way of NJ and Sarah from Texas by way of the world. We met in 1983 and were married on 8-8-88.

Charlie has a background in environmental affairs, non-profit leadership and government service. He is also an accomplished amateur photographer. Sarah has a background in art, is a Real Estate agent and manages our properties. 

Our interests are art, music, dance, cooking, gardening and caring for our 3 god-children. 

We bought this house in 2001 and lived in it for 12 years.  We have recently bought a house in the Columbia City neighborhood of Seattle to be closer to our god-children - which made this home available for airbnb. 

We travel often to Mexico, Texas, around the Pacific NW and to the NJ-NY area.  We just celebrated our 25th Anniversary by spending a month in Paris.  While there, we stayed in 4 different apartments and got a real idea of what to do - and what not to do - in order to be the perfect airbnb host. We will greet you warmly, get you settled, give you tips about the house, the neighborhood and Seattle and then leave you to your own devices. We are a phone call or email away and will respond quickly to your needs or questions.

We love this house and think it is a great place. We hope that you love it, too.",within a few hours,100%,100%,f,"https://a1.muscache.com/ac/users/7964921/profile_pic/1377966669/original.jpg?interpolation=lanczos-none&crop=w:w;*,*&crop=h:h;*,*&resize=50:*&output-format=jpg&output-quality=70","https://a1.muscache.com/ac/users/7964921/profile_pic/1377966669/original.jpg?interpolation=lanczos-none&crop=w:w;*,*&crop=h:h;*,*&resize=225:*&output-format=jpg&output-quality=70",Fremont,2.0,2.0,"['email', 'phone', 'reviews', 'kba']",t,t,"Dayton Avenue North, Seattle, WA 98103, United States",Fremont,Fremont,Other neighborhoods,Seattle,WA,98103,Seattle,"Seattle, WA",US,United States,47.6620364991618,-122.3504848535998,t,House,Entire home/apt,6,2.0,3.0,3.0,Real Bed,"{TV,""Cable TV"",Internet,""Wireless Internet"",""Air Conditioning"",Kitchen,""Free Parking on Premises"",Heating,""Family/Kid Friendly"",Washer,Dryer,""Smoke Detector"",""Carbon Monoxide Detector"",""First Aid Kit"",""Fire Extinguisher"",Essentials,Shampoo}",,$175.00,,,$500.00,$95.00,4,$30.00,3,1125,today,t,19,19,19,294,2016-01-04,29,2013-12-10,2015-10-04,96.0,10.0,9.0,10.0,10.0,10.0,9.0,f,,WASHINGTON,f,strict,f,f,2,1.15
6120046,https://www.airbnb.com/rooms/6120046,20160104002432,2016-01-04,Lake Veiw Cottage  in Fremont,"From the deck of this quaint little apartment you can see Lake Union and on a clear day you can see Mt. Rainer!  Enjoy downtown Fremont, Gasworks park, the Troll and the Burke Gilman Trail; all within just minutes of walking!","This one bedroom apartment (Hippy Shack) is designed for rest and relaxation for 1 to 3.5 guests. For sleeping accommodations there is one bed, one full size (very comfy) couch, and a deep love seat perfect for small children.  The interior is designed in what my friends call, ""Hippy Grandma."" There is plenty of space for doing yoga; feel free to put away the coffee table as it folds up and hides behind the bookshelf. In the living room there are tons of books, art supplies, and some board games. There is a full kitchen and cookware to be used. Please note that there is limited counter space (it is a one person kitchen). I have the space set up where the office can be transformed into a second dinning area that over looks Mt. Rainer from the side kitchen or have a space to catch up with business. The bedroom is small with a large empty closet for your personal belongings. I have a tempurpedic mattress with a plethora of pillows. There is only two blankets at this time.","From the deck of this quaint little apartment you can see Lake Union and on a clear day you can see Mt. Rainer!  Enjoy downtown Fremont, Gasworks park, the Troll and the Burke Gilman Trail; all within just minutes of walking! This one bedroom apartment (Hippy Shack) is designed for rest and relaxation for 1 to 3.5 guests. For sleeping accommodations there is one bed, one full size (very comfy) couch, and a deep love seat perfect for small children.  The interior is designed in what my friends call, ""Hippy Grandma."" There is plenty of space for doing yoga; feel free to put away the coffee table as it folds up and hides behind the bookshelf. In the living room there are tons of books, art supplies, and some board games. There is a full kitchen and cookware to be used. Please note that there is limited counter space (it is a one person kitchen). I have the space set up where the office can be transformed into a second dinning area that over looks Mt. Rainer from the side kitchen or have a",none,This cottage apartment is located just a few blocks away from downtown Fremont (the Center of the Universe) with bus access to downtown Seattle just 15 minute away. If you are looking to stay in the neighborhood there is water access to Lake Union for non-motor boats. This dock makes for great swimming and sun bathing on hot summer days. ,"1. Is the property quite private? ie. can we sit outside to enjoy a glass of wine, etc., & be alone? Yes, you can sit outside and drink a glass of wine. Be alone, that is questionable, on your standard of alone time. If you sit in the front of the house it is very private and isolated (minor iterations with the neighbor) If you do choose to be in the front of the house, please, absolutely no smoking my neighbor is allergic and has requested smokers stay on the back porch. On the back porch with the view of the lake an Mount Rainer, is an ally and Private Parking Lot for the business/apartment. There is minor foot traffic here and I enjoy sitting outside and talking to the passer-byers (they don't usually talk to me unless I talk to them first). 2. Is there a place to rent bicycles in the area & if so, is it possible to bike to downtown Seattle? Big Tree bikes is a 12 minute walk where you can rent bikes and the Pike Place Market is 3.3 miles away from my place (some hills, depending on","This cottage apartment is located just a few blocks away from downtown Fremont (the Center of the Universe) with bus access to downtown Seattle just 15 minute away. If you are looking to stay in the neighborhood there is water access to Lake Union for non-motor boats. This dock makes for great swimming and sun bathing on hot summer days.Food, bars, dancing, yoga, gyms, the Troll are all in walking distance (less then .5 mile).",https://a2.muscache.com/ac/pictures/76273783/b4abf60d_original.jpg?interpolation=lanczos-none&size=small&output-format=jpg&output-quality=70,https://a2.muscache.com/im/pictures/76273783/b4abf60d_original.jpg?aki_policy=medium,https://a2.muscache.com/ac/pictures/76273783/b4abf60d_original.jpg?interpolation=lanczos-none&size=large_cover&output-format=jpg&output-quality=70,https://a2.muscache.com/ac/pictures/76273783/b4abf60d_original.jpg?interpolation=lanczos-none&size=x_large_cover&output-format=jpg&output-quality=70,31752892,https://www.airbnb.com/users/show/31752892,Megan,2015-04-22,"Seattle, Washington, United States",,within a day,100%,100%,f,"https://a2.muscache.com/ac/users/31752892/profile_pic/1429744212/original.jpg?interpolation=lanczos-none&crop=w:w;*,*&crop=h:h;*,*&resize=50:*&output-format=jpg&output-quality=70","https://a2.muscache.com/ac/users/31752892/profile_pic/1429744212/original.jpg?interpolation=lanczos-none&crop=w:w;*,*&crop=h:h;*,*&resize=225:*&output-format=jpg&output-quality=70",Fremont,1.0,1.0,"['email', 'phone', 'facebook', 'reviews', 'kba']",t,t,"Albion Place North, Seattle, WA 98103, United States",Fremont,Fremont,Other neighborhoods,Seattle,WA,98103,Seattle,"Seattle, WA",US,United States,47.64868853788682,-122.3439146816932,t,Apartment,Entire home/apt,4,1.0,1.0,1.0,Real Bed,"{""Wheelchair Accessible"",Kitchen,Heating,""Family/Kid Friendly"",""Smoke Detector"",""Carbon Monoxide Detector"",""Fire Extinguisher"",Essentials,Shampoo}",,$120.00,$600.00,"$2,200.00",,$75.00,2,$0.00,4,30,5 months ago,t,30,60,90,365,2016-01-04,10,2015-04-26,2015-08-30,80.0,8.0,7.0,9.0,9.0,9.0,8.0,f,,WASHINGTON,f,strict,f,f,1,1.18
262764,https://www.airbnb.com/rooms/262764,20160104002432,2016-01-04,Fremont Farmhouse,"Our 2BR/1 bath home in Fremont's most fun neighborhood has a light filled back yard, 12 ft bedroom ceilings, and a stocked, organic, industrial-style kitchen. Perfect for families with young kids: fully loaded toys, games and puzzles.","1200 ft2 2BR, 1 Bath farmhouse with a large, terraced back yard. Perfect for a family. Enjoy everything Fremont has to offer (Theo chocolate, so many cafes, Burke Gilman trail, Fremont Fair, Sunday market and more), or simply relax.","Our 2BR/1 bath home in Fremont's most fun neighborhood has a light filled back yard, 12 ft bedroom ceilings, and a stocked, organic, industrial-style kitchen. Perfect for families with young kids: fully loaded toys, games and puzzles. 1200 ft2 2BR, 1 Bath farmhouse with a large, terraced back yard. Perfect for a family. Enjoy everything Fremont has to offer (Theo chocolate, so many cafes, Burke Gilman trail, Fremont Fair, Sunday market and more), or simply relax. Our house is your house. We live here, so have all the basics: fully equipped kitchen, semi-stocked pantry, wifi, outdoor deck and grill, a garden, street parking, lots of toys and puzzles and art / craft supplies for young kids. We make every effort to be on site to meet our guests when they arrive, to walk through the house and answer any questions. If we can't, we'll provide detailed check-in instructions. We communicate with guests shortly after they arrive, in case anything's missing or off, and are responsive during gues",none,"We love that Fremont is so centrally located to everything we need in Seattle, and there is art EVERYWHERE. We have amazing cafes, a chocolate factory, and a distillery a few blocks away, plus great nightlife and restaurants. The Sunday market can't be beat, followed by a long walk on the Burke Gilman trail with our kids. When we're ambitious we walk up the hill to the zoo - it's not far, but it is steep.","We have two cats, Polly and Theo. They are indoor only and prefer to stay at the house, but we can take them with us while you're visiting. If you are interested to co-habitate with them, let us know on the intake form. As noted in the description, we don't have a dishwasher. We also have a decentralized heating system with wall panels in each room, rather than a central heating system. This means you can control the warmth of each area by controlling each unit, which may be different from what guests are used to.","We're centrally located to several bus stops that will take you anywhere you want to go. A parking pass can be provided for street parking. We're about a 30 minute drive from the airport by taxi, or take public transit (the light rail to Westlake, and then a bus to Fremont).",https://a1.muscache.com/ac/pictures/75088108/6be66a01_original.jpg?interpolation=lanczos-none&size=small&output-format=jpg&output-quality=70,https://a1.muscache.com/im/pictures/75088108/6be66a01_original.jpg?aki_policy=medium,https://a1.muscache.com/ac/pictures/75088108/6be66a01_original.jpg?interpolation=lanczos-none&size=large_cover&output-format=jpg&output-quality=70,https://a1.muscache.com/ac/pictures/75088108/6be66a01_original.jpg?interpolation=lanczos-none&size=x_large_cover&output-format=jpg&output-quality=70,1379138,https://www.airbnb.com/users/show/1379138,Rachel,2011-11-07,"Seattle, Washington, United States","We are a professional family with 2 high energy daughters and 2 cats. We love adventures, whether out in the mountains and surf or exploring our terraced backyard, with its peek-a-boo Mt Rainier view. We've just spent the summer exploring 37 states across the US in our beloved Vanagon, and love meeting new people at home and abroad. ",within an hour,100%,100%,f,"https://a0.muscache.com/ac/users/1379138/profile_pic/1320699887/original.jpg?interpolation=lanczos-none&crop=w:w;*,*&crop=h:h;*,*&resize=50:*&output-format=jpg&output-quality=70","https://a0.muscache.com/ac/users/1379138/profile_pic/1320699887/original.jpg?interpolation=lanczos-none&crop=w:w;*,*&crop=h:h;*,*&resize=225:*&output-format=jpg&output-quality=70",Fremont,1.0,1.0,"['email', 'phone', 'linkedin', 'reviews', 'kba']",t,t,"N Bowdoin Pl, Seattle, WA 98103, United States",Fremont,Fremont,Other neighborhoods,Seattle,WA,98103,Seattle,"Seattle, WA",US,United States,47.654205137727615,-122.3526036684041,t,House,Entire home/apt,5,1.0,2.0,3.0,Real Bed,"{TV,""Cable TV"",Internet,""Wireless Internet"",Kitchen,""Pets live on this property"",Cat(s),Heating,""Family/Kid Friendly"",Washer,Dryer,""Smoke Detector"",""Carbon Monoxide Detector"",""First Aid Kit"",""Safety Card"",""Fire Extinguisher"",Essentials,Shampoo,""24-Hour Check-in"",Hangers,""Hair Dryer"",Iron}",1200.0,$154.00,"$1,120.00","$5,500.00",$150.00,$85.00,4,$50.00,2,14,4 days ago,t,13,43,73,227,2016-01-04,5,2015-10-01,2015-12-27,92.0,9.0,8.0,10.0,10.0,10.0,8.0,f,,WASHINGTON,f,strict,f,f,1,1.56
8578490,https://www.airbnb.com/rooms/8578490,20160104002432,2016-01-04,Super Convenient Top Floor Apt,"In the true spirit of AirBNB this unit is available when I am traveling.  Great views of the Cascades and lake union.  Easy Access to:  UW, Downtown, Greenlake, South Lake Union, Seattle Center.","The building is older (1970's) so not the modern luxury places popping up around Seattle.  Lots of light in the unit, and a great balcony where you can see the lake, Cascades, and downtown on clear days.   Kitchen:  Fully equipped kitchen and you can help yourself to staples like cooking oil, spices, butter, etc.  Coffee maker with coffee provided as well.   Bathroom:  Small but efficient space with a shower and tub.   Living Room:  Couch and nice chair.  40"" Sony HD TV with full Cable (HBO too), Roku with Netflix, and of course Wifi.  Power strips throughout for charging ease! Balcony:  Great to sit outside and enjoy the view!  Pick some herbs if you would like for cooking, or just enjoy a coffee outside in the morning.","In the true spirit of AirBNB this unit is available when I am traveling.  Great views of the Cascades and lake union.  Easy Access to:  UW, Downtown, Greenlake, South Lake Union, Seattle Center. The building is older (1970's) so not the modern luxury places popping up around Seattle.  Lots of light in the unit, and a great balcony where you can see the lake, Cascades, and downtown on clear days.   Kitchen:  Fully equipped kitchen and you can help yourself to staples like cooking oil, spices, butter, etc.  Coffee maker with coffee provided as well.   Bathroom:  Small but efficient space with a shower and tub.   Living Room:  Couch and nice chair.  40"" Sony HD TV with full Cable (HBO too), Roku with Netflix, and of course Wifi.  Power strips throughout for charging ease! Balcony:  Great to sit outside and enjoy the view!  Pick some herbs if you would like for cooking, or just enjoy a coffee outside in the morning. Full unit access with dedicated closet space for guest items, EXCEPT no ac",none,"I am equidistant to Fremont and Wallingford and both have AMAZING restaurants, great parks, coffee houses, and bars (from divey to uppity).  Some highlights: Gas Works Park:  10 Minute walk away with postcard like views of the lake and city.   Fremont Brewery:  4 blocks away and the best micro brewery in the (website hidden) garden with free pretzels! Molly Moons:  Best ice cream in Seattle!  (but often a line) Fremont Sunday Market:  Sunday Morning Market with crafts, food, and general fun.  Open year round! Greenlake:  A park around a small lake with tennis courts, swimming, kayking, or for an awesome run.",Laundry is available but is $1.75 to wash and dry.   Parking:  Reserved parking MAY be available depending if I take my car or not.  Else you will need to find street parking.,How to Get to: UW/Husky Stadium):  10 minute drive or three block walk to catch the 31/32 bus.  Can walk to the Stadium in 30 minutes. Downtown:  Multiple bus routes within 5 blocks walking will take you to the downtown core.  Uber is $10 or so.  10 Minute drive in no traffic. Greenlake:  10 Minute walk to Upper Woodland park and 20 minutes to the beach house area.,https://a2.muscache.com/ac/pictures/109014114/30d4e384_original.jpg?interpolation=lanczos-none&size=small&output-format=jpg&output-quality=70,https://a2.muscache.com/im/pictures/109014114/30d4e384_original.jpg?aki_policy=medium,https://a2.muscache.com/ac/pictures/109014114/30d4e384_original.jpg?interpolation=lanczos-none&size=large_cover&output-format=jpg&output-quality=70,https://a2.muscache.com/ac/pictures/109014114/30d4e384_original.jpg?interpolation=lanczos-none&size=x_large_cover&output-format=jpg&output-quality=70,11847918,https://www.airbnb.com/users/show/11847918,Ryan,2014-02-01,"Seattle, Washington, United States",,within a few hours,100%,100%,f,"https://a1.muscache.com/ac/users/11847918/profile_pic/1436468663/original.jpg?interpolation=lanczos-none&crop=w:w;*,*&crop=h:h;*,*&resize=50:*&output-format=jpg&output-quality=70","https://a1.muscache.com/ac/users/11847918/profile_pic/1436468663/original.jpg?interpolation=lanczos-none&crop=w:w;*,*&crop=h:h;*,*&resize=225:*&output-format=jpg&output-quality=70",Fremont,1.0,1.0,"['email', 'phone', 'reviews', 'kba']",t,t,"Whitman Avenue North, Seattle, WA 98103, United States",Fremont,Fremont,Other neighborhoods,Seattle,WA,98103,Seattle,"Seattle, WA",US,United States,47.657897598546576,-122.3466919129118,t,Apartment,Entire home/apt,3,1.0,1.0,1.0,Real Bed,"{TV,""Cable TV"",Internet,""Wireless Internet"",""Air Conditioning"",Kitchen,""Indoor Fireplace"",Heating,Washer,Dryer,""Smoke Detector"",""First Aid Kit"",""Safety Card"",Essentials,Shampoo}",,$65.00,,,,$20.00,1,$0.00,1,1125,a week ago,t,2,10,13,221,2016-01-04,2,2015-10-01,2015-10-16,100.0,9.0,8.0,10.0,10.0,10.0,10.0,f,,WASHINGTON,f,moderate,f,f,1,0.63
3383329,https://www.airbnb.com/rooms/3383329,20160104002432,2016-01-04,OF THE TREE & CLOUDS. KID FRIENDLY!,"Of the Tree & Clouds' ""Roots"" apartment is 8 blocks from Fremont's center and a hop to downtown Seattle. It's 620 square feet & sleeps 4. The décor has been lovingly agonized over. Kids are very welcome! It's 1 of a trio of Airbnb apartments.","The 1-bedroom, ground-floor Roots apartment is approximately 620 sq. ft., with almost 9' ceilings, a working fireplace, and exposed beams. Details include exposed beams, Spanish cast brass chandelier, and a keypad for hassle-free arrival and departure. It sleeps 4 with 2 in the bedroom on a queen bed, & 2 on the almost-queen sofabed in the living room (5"" narrower than a queen, same length).  There's a full kitchen with a Keurig K-Cup coffee maker. The living room has a desk with a few supplies for business needs. The queen bed has 4 drawers, one holding extra linens. Sheets are all quality 100% cotton. It also houses the washer/dryer and has enough room for yoga. The speaker is a Bose SoundLink Mini Bluetooth. The bathroom is accessed through the bedroom. There's a wall partially shielding from view those sleeping in the bed. There's a 2.0 sones heater fan to warm you. The right vanity drawer holds the hairdryer & washer detergent packets. The left has a revolving collection of leave-","Of the Tree & Clouds' ""Roots"" apartment is 8 blocks from Fremont's center and a hop to downtown Seattle. It's 620 square feet & sleeps 4. The décor has been lovingly agonized over. Kids are very welcome! It's 1 of a trio of Airbnb apartments. The 1-bedroom, ground-floor Roots apartment is approximately 620 sq. ft., with almost 9' ceilings, a working fireplace, and exposed beams. Details include exposed beams, Spanish cast brass chandelier, and a keypad for hassle-free arrival and departure. It sleeps 4 with 2 in the bedroom on a queen bed, & 2 on the almost-queen sofabed in the living room (5"" narrower than a queen, same length).  There's a full kitchen with a Keurig K-Cup coffee maker. The living room has a desk with a few supplies for business needs. The queen bed has 4 drawers, one holding extra linens. Sheets are all quality 100% cotton. It also houses the washer/dryer and has enough room for yoga. The speaker is a Bose SoundLink Mini Bluetooth. The bathroom is accessed through the",none,"It's taken me a while to figure out why Fremont has always been my favorite Seattle neighborhood. It has a blend of whimsical creativity, a stellar hillside location on Lake Union and the canal, and continuous things to see and do in a comfortable, neighborhoody way. It's casual and low key, with a lingering hippie vibe. And our wedding reception was at the Lake Washington Rowing Club. Yes, it's on Lake Union, but, well, that's Fremont. The building is immediately located in a very Fremontian convergence of single family, multi-family & light industry, so there are small apartment buildings, single family homes and a busy ventilation company all in the same vicinity.  Sometimes it can be noisy, and at other times surprisingly quiet. For entertainment, there is the annual Fremont Solstice Parade, the 4th of July fireworks plus the year-round Sunday market. Then there are the permanent sculptural fixtures such as the troll sculpture with its VW Bug under Hwy. 99, the Rapunzel neon light ","There is NO television. We do have good WI-FI. The ceiling lacks modern soundproofing so you can hear footfalls etc. from the Airbnb apartment above. To reduce noise, apartment 3905 is limited to 2 guests, we request they not wear shoes, and we've added rugs. If you hear a funny thump, thump, thump like Christopher Robin dragging Pooh Bear down the stairs, it's actually cars hitting the road seams on 2nd Ave NW. If you are a light sleeper, this may be bothersome early morning and late evening. The extra person fee applies to all guests including little ones. We just finished remodeling the last of the 5 apartments and are happily turning our sights to landscaping. We know it's unsightly (especially on the north side, and can't wait to make it beautiful. Thank you for your forbearance!","The apartment is easily accessed from I-5 North & South, as well as Hwy. 99. There are 4 first-come-first-serve parking spots in the apartment's lot. Street parking isn't too bad and should be available within a block. Please note that 2nd Ave NW that fronts the building is steep. The closest bus stops are 2 blocks away (Routes 28 & 40), The Burke Gilman trail for cycling, walking etc. is a block and a half away. Walk Score walking rating is 86. Biking 88. Public transport 59.",https://a0.muscache.com/ac/pictures/108686685/58c8ac12_original.jpg?interpolation=lanczos-none&size=small&output-format=jpg&output-quality=70,https://a0.muscache.com/im/pictures/108686685/58c8ac12_original.jpg?aki_policy=medium,https://a0.muscache.com/ac/pictures/108686685/58c8ac12_original.jpg?interpolation=lanczos-none&size=large_cover&output-format=jpg&output-quality=70,https://a0.muscache.com/ac/pictures/108686685/58c8ac12_original.jpg?interpolation=lanczos-none&size=x_large_cover&output-format=jpg&output-quality=70,3443346,https://www.airbnb.com/users/show/3443346,Jacqueline,2012-09-01,"Seattle, Washington, United States","I’ve been a landlord (and loved it) for fourteen years, redesigning properties and making them the best I can for people who want to stay in spaces that are more than basic, that have something extra. Soul maybe? I hope you feel it. I try.

After traveling quite a bit in Europe, staying at fun, affordable places with lots of character, travel in the U.S. felt incredibly dreary and corporate. For me, Airbnb has put the life and soul back into stateside traveling. It allows me to connect with other real people and their real homes and neighborhoods in a way hotels just can't offer. I’m proud to be a part of it. 

Of my many passions, interior design drives me the most. I am always plotting improvements.",within an hour,100%,100%,t,"https://a0.muscache.com/ac/users/3443346/profile_pic/1438721290/original.jpg?interpolation=lanczos-none&crop=w:w;*,*&crop=h:h;*,*&resize=50:*&output-format=jpg&output-quality=70","https://a0.muscache.com/ac/users/3443346/profile_pic/1438721290/original.jpg?interpolation=lanczos-none&crop=w:w;*,*&crop=h:h;*,*&resize=225:*&output-format=jpg&output-quality=70",Fremont,3.0,3.0,"['email', 'phone', 'facebook', 'reviews', 'kba']",t,t,"Northwest 39th Street, Seattle, WA 98107, United States",Fremont,Fremont,Other neighborhoods,Seattle,WA,98107,Seattle,"Seattle, WA",US,United States,47.65451649295388,-122.3581238557429,t,Apartment,Entire home/apt,4,1.0,1.0,2.0,Real Bed,"{Internet,""Wireless Internet"",Kitchen,""Free Parking on Premises"",""Indoor Fireplace"",Heating,""Family/Kid Friendly"",Washer,Dryer,""Smoke Detector"",""Carbon Monoxide Detector"",""Fire Extinguisher"",Essentials,Shampoo,""24-Hour Check-in"",Hangers,""Hair Dryer"",Iron,""Laptop Friendly Workspace""}",,$95.00,$600.00,"$2,200.00",$500.00,,2,$8.00,3,365,yesterday,t,11,30,43,287,2016-01-04,73,2014-07-08,2015-12-29,96.0,10.0,10.0,10.0,10.0,9.0,10.0,f,,WASHINGTON,t,moderate,t,t,3,4.01
8101950,https://www.airbnb.com/rooms/8101950,20160104002432,2016-01-04,3BR Mountain View House in Seattle,"Our 3BR/2BA house boasts incredible views of the Olympic Mountains and Salmon Bay, plus lots of modern style! We're just a walk away from the zoo and Fremont Sunday Market, and convenient to University of Washington and bus lines.","Our 3BR/2BA house bright, stylish, and wheelchair accessible. With breathtaking views of Salmon Bay and the Olympic Mountains beyond, it's the perfect perch for your Seattle visit. Great dining, shopping, and attractions are just steps away!  INSIDE THE HOUSE The main living and dining space, furnished in attractive Danish Modern style, enjoys a panoramic view of Salmon Bay and the Olympic Mountains. Relax over coffee in the living room, with a decorative original mid-century fireplace. Fantastic views continue into the dining room, which accommodates up to 8.  As for cooking, you'll find everything you need in the fully equipped kitchen, complete with stainless steel appliances, lots of counter space, and a kitchen bar that seats 2. Venture downstairs for the entertainment area, complete 50 inch flat screen Smart TV, DVD player, and cable, plus a cozy reading corner. Our house sleeps 6 guests between 3 sunlit bedrooms. You'll find queen-sized beds in the master and 3rd bedroom. The 2n","Our 3BR/2BA house boasts incredible views of the Olympic Mountains and Salmon Bay, plus lots of modern style! We're just a walk away from the zoo and Fremont Sunday Market, and convenient to University of Washington and bus lines. Our 3BR/2BA house bright, stylish, and wheelchair accessible. With breathtaking views of Salmon Bay and the Olympic Mountains beyond, it's the perfect perch for your Seattle visit. Great dining, shopping, and attractions are just steps away!  INSIDE THE HOUSE The main living and dining space, furnished in attractive Danish Modern style, enjoys a panoramic view of Salmon Bay and the Olympic Mountains. Relax over coffee in the living room, with a decorative original mid-century fireplace. Fantastic views continue into the dining room, which accommodates up to 8.  As for cooking, you'll find everything you need in the fully equipped kitchen, complete with stainless steel appliances, lots of counter space, and a kitchen bar that seats 2. Venture downstairs for th",none,"We're located near lots of family fun. Woodland Park Zoo is 6 block walk away (say hello to its new tigers!). For prospective students and their families, the University of Washington is only 2.5 miles from our door. And be sure to stop by the Ballard Sunday Farmers Market for fresh cut flowers, fruits and vegetables to enjoy at home! When you're ready to explore downtown Seattle, the bus is only 4 blocks away.",,,https://a2.muscache.com/ac/pictures/103217071/36e40099_original.jpg?interpolation=lanczos-none&size=small&output-format=jpg&output-quality=70,https://a2.muscache.com/im/pictures/103217071/36e40099_original.jpg?aki_policy=medium,https://a2.muscache.com/ac/pictures/103217071/36e40099_original.jpg?interpolation=lanczos-none&size=large_cover&output-format=jpg&output-quality=70,https://a2.muscache.com/ac/pictures/103217071/36e40099_original.jpg?interpolation=lanczos-none&size=x_large_cover&output-format=jpg&output-quality=70,31148752,https://www.airbnb.com/users/show/31148752,Bo,2015-04-13,US,,within a few hours,99%,100%,f,"https://a2.muscache.com/ac/users/31148752/profile_pic/1434475320/original.jpg?interpolation=lanczos-none&crop=w:w;*,*&crop=h:h;*,*&resize=50:*&output-format=jpg&output-quality=70","https://a2.muscache.com/ac/users/31148752/profile_pic/1434475320/original.jpg?interpolation=lanczos-none&crop=w:w;*,*&crop=h:h;*,*&resize=225:*&output-format=jpg&output-quality=70",Holly,354.0,354.0,"['email', 'phone', 'linkedin', 'reviews', 'jumio']",t,t,"Northwest 48th Street, Seattle, WA 98107, United States",Fremont,Fremont,Other neighborhoods,Seattle,WA,98107,Seattle,"Seattle, WA",US,United States,47.66429463525408,-122.35917014772052,t,House,Entire home/apt,6,2.0,3.0,3.0,Real Bed,"{TV,""Cable TV"",Internet,""Wireless Internet"",""Air Conditioning"",""Wheelchair Accessible"",Kitchen,""Free Parking on Premises"",Heating,""Family/Kid Friendly"",Washer,Dryer,""Smoke Detector"",""Fire Extinguisher"",Essentials,Shampoo}",,$359.00,,,,$230.00,1,$0.00,3,1125,today,t,18,32,32,32,2016-01-04,1,2015-09-27,2015-09-27,80.0,8.0,10.0,4.0,8.0,10.0,8.0,f,,WASHINGTON,f,strict,f,f,8,0.3
8902327,https://www.airbnb.com/rooms/8902327,20160104002432,2016-01-04,Portage Bay View!-One Bedroom Apt,800 square foot 1 bedroom basement apartment with a fantastic view of Portage Bay.  The apartment is in a single family home with it's own outside entrance.  Large one bedroom has a queen bed plus another fold out queen in living area.,"This space has a great view of Portage Bay with all of its marine activity.  Located just 5 minutes from the University of Washington, and just 10 minutes to the Amazon campus and downtown Seattle.  The Burke Gillman trail is  very close, and it's a 20 minute walk to Husky Stadium.","800 square foot 1 bedroom basement apartment with a fantastic view of Portage Bay.  The apartment is in a single family home with it's own outside entrance.  Large one bedroom has a queen bed plus another fold out queen in living area. This space has a great view of Portage Bay with all of its marine activity.  Located just 5 minutes from the University of Washington, and just 10 minutes to the Amazon campus and downtown Seattle.  The Burke Gillman trail is  very close, and it's a 20 minute walk to Husky Stadium. The unit has its own outside entrance, and there is space in the driveway for off street parking .  Currently there is limited outside space but there will be a new deck in Spring of 2016.  There is a small landing with a gas barbecue. We will try to meet you when you arrive and we are always available by phone or tex The neighborhood is a quiet oasis that is close to all the activities in Seattle. Uber and Car2go are good options in Seattle. There is a bus stop 2 blocks away ",none,The neighborhood is a quiet oasis that is close to all the activities in Seattle.,"This is a basement apartment in a newer residential home that is very private, but my wife and I live above and there will be some noise. It's a three level home and our bedroom is on the top floor so there will little noise after 10:00pm.",Uber and Car2go are good options in Seattle. There is a bus stop 2 blocks away that will get you to downtown in 10-15 minutes.  There is a Seattle Bike Share station 2 blocks away.,https://a2.muscache.com/ac/pictures/626d4b1f-620b-4f24-86a5-3f58988064ad.jpg?interpolation=lanczos-none&size=small&output-format=jpg&output-quality=70,https://a2.muscache.com/im/pictures/626d4b1f-620b-4f24-86a5-3f58988064ad.jpg?aki_policy=medium,https://a2.muscache.com/ac/pictures/626d4b1f-620b-4f24-86a5-3f58988064ad.jpg?interpolation=lanczos-none&size=large_cover&output-format=jpg&output-quality=70,https://a2.muscache.com/ac/pictures/626d4b1f-620b-4f24-86a5-3f58988064ad.jpg?interpolation=lanczos-none&size=x_large_cover&output-format=jpg&output-quality=70,46566046,https://www.airbnb.com/users/show/46566046,Glen,2015-10-14,"Seattle, Washington, United States",I am a 58 year old male that is married to Maggie.  We have both lived in the Seattle area our entire life.  I am a part owner of a small company that sells primarily on the internet: (website hidden).  Maggie is a sales rep for a company that sells high end glass and dinner ware.  I am a avid golfer and we both love to travel and spend time with our children and friends ,within an hour,100%,100%,f,"https://a2.muscache.com/ac/pictures/d7e59b0d-807c-469f-9765-aaa84424d248.jpg?interpolation=lanczos-none&crop=w:w;*,*&crop=h:h;*,*&resize=50:*&output-format=jpg&output-quality=70","https://a2.muscache.com/ac/pictures/d7e59b0d-807c-469f-9765-aaa84424d248.jpg?interpolation=lanczos-none&crop=w:w;*,*&crop=h:h;*,*&resize=225:*&output-format=jpg&output-quality=70",Portage Bay,1.0,1.0,"['email', 'phone', 'facebook', 'reviews', 'jumio']",t,t,"Fuhrman Avenue East, Seattle, WA 98102, United States",Portage Bay,Portage Bay,Capitol Hill,Seattle,WA,98102,Seattle,"Seattle, WA",US,United States,47.64955162768306,-122.31830855007524,t,Apartment,Entire home/apt,4,1.0,1.0,2.0,Real Bed,"{TV,""Cable TV"",Internet,""Wireless Internet"",Kitchen,""Free Parking on Premises"",Heating,""Family/Kid Friendly"",""Smoke Detector"",""Fire Extinguisher"",Essentials,Shampoo,""24-Hour Check-in"",Hangers,""Hair Dryer"",Iron,""Laptop Friendly Workspace""}",,$79.00,,,$500.00,$50.00,3,$25.00,2,29,2 days ago,t,6,26,44,273,2016-01-04,2,2015-12-18,2015-12-24,100.0,10.0,10.0,10.0,10.0,10.0,10.0,f,,WASHINGTON,f,moderate,f,f,1,2.0
10267360,https://www.airbnb.com/rooms/10267360,20160104002432,2016-01-04,Private apartment view of Lake WA,"Very comfortable lower unit. Quiet, charming mid-century neighborhood with amazing views of Lake Washington. Easy access to Seatac airport, downtown or Bellevue.",,"Very comfortable lower unit. Quiet, charming mid-century neighborhood with amazing views of Lake Washington. Easy access to Seatac airport, downtown or Bellevue.",none,,,,https://a2.muscache.com/ac/pictures/a5974f04-2fad-42fe-b6a6-9cd33db16d8b.jpg?interpolation=lanczos-none&size=small&output-format=jpg&output-quality=70,https://a2.muscache.com/im/pictures/a5974f04-2fad-42fe-b6a6-9cd33db16d8b.jpg?aki_policy=medium,https://a2.muscache.com/ac/pictures/a5974f04-2fad-42fe-b6a6-9cd33db16d8b.jpg?interpolation=lanczos-none&size=large_cover&output-format=jpg&output-quality=70,https://a2.muscache.com/ac/pictures/a5974f04-2fad-42fe-b6a6-9cd33db16d8b.jpg?interpolation=lanczos-none&size=x_large_cover&output-format=jpg&output-quality=70,52791370,https://www.airbnb.com/users/show/52791370,Virginia,2015-12-30,US,,,,,f,"https://a2.muscache.com/ac/pictures/efc75826-1025-42dd-9fc3-56f05a1e43f8.jpg?interpolation=lanczos-none&crop=w:w;*,*&crop=h:h;*,*&resize=50:*&output-format=jpg&output-quality=70","https://a2.muscache.com/ac/pictures/efc75826-1025-42dd-9fc3-56f05a1e43f8.jpg?interpolation=lanczos-none&crop=w:w;*,*&crop=h:h;*,*&resize=225:*&output-format=jpg&output-quality=70",,1.0,1.0,['phone'],t,f,"South Laurel Street, Seattle, WA 98178, United States",,Rainier Beach,Rainier Valley,Seattle,WA,98178,Seattle,"Seattle, WA",US,United States,47.50845296779498,-122.2406070305399,f,House,Entire home/apt,2,1.0,1.0,1.0,Real Bed,"{""Cable TV"",""Wireless Internet"",Kitchen,""Free Parking on Premises"",Breakfast,""Pets live on this property"",Dog(s),Cat(s),Heating,Washer,Dryer,""Smoke Detector"",""First Aid Kit"",""Safety Card"",""Fire Extinguisher"",Essentials,Hangers,""Hair Dryer"",Iron,""Laptop Friendly Workspace""}",,$93.00,$450.00,,$250.00,$35.00,2,$20.00,1,7,4 days ago,t,29,59,88,88,2016-01-04,0,,,,,,,,,,f,,WASHINGTON,f,moderate,f,f,1,
9604740,https://www.airbnb.com/rooms/9604740,20160104002432,2016-01-04,Amazing View with Modern Comfort!,"Cozy studio condo in the heart on Madison Park on Lake WA! Just steps away from shopping, restaurants, and minutes away from downtown Seattle. Come relax on the balcony and enjoy the stunning views of Lake WA along with the convenience of tons of amenities just steps away!","Fully furnished unit to accommodate most needs. We have made every effort to make sure your stay is comfortable as can be.  Absolutely no smoking and no pets.  Space Features: Complimentary wireless internet. Cable w/Xbox one blue ray player. Modern bathroom with spa like shower. Fully equipped kitchen w/toaster, microwave, stove oven, fridge, kurig coffee maker. Pots, pans, silverware, cups, glasses, dishes, prep tools, wine and can opener. Cleaning supplies, sponge.  Balcony with table and chairs overlooking Lake WA.  On main level of entrance . Eating bar space. Hotel like queen size bed with comfortable linens. Own parking space.  Tall dresser Closet","Cozy studio condo in the heart on Madison Park on Lake WA! Just steps away from shopping, restaurants, and minutes away from downtown Seattle. Come relax on the balcony and enjoy the stunning views of Lake WA along with the convenience of tons of amenities just steps away! Fully furnished unit to accommodate most needs. We have made every effort to make sure your stay is comfortable as can be.  Absolutely no smoking and no pets.  Space Features: Complimentary wireless internet. Cable w/Xbox one blue ray player. Modern bathroom with spa like shower. Fully equipped kitchen w/toaster, microwave, stove oven, fridge, kurig coffee maker. Pots, pans, silverware, cups, glasses, dishes, prep tools, wine and can opener. Cleaning supplies, sponge.  Balcony with table and chairs overlooking Lake WA.  On main level of entrance . Eating bar space. Hotel like queen size bed with comfortable linens. Own parking space.  Tall dresser Closet Lock box located on the railing to the right of the building. C",none,"Madison Park offers a peaceful slow pace upscale Seattle vibe. You can walk to 12 different eating and drinking establishments which most include outdoor seating.  Just steps away from the newly expanded North Beach. Madison Park is centrally located, it is approximately 4 miles East of Downtown Seattle.",,Yes,https://a2.muscache.com/ac/pictures/202e4ad6-bbb4-44a1-85c6-f141fb672bd1.jpg?interpolation=lanczos-none&size=small&output-format=jpg&output-quality=70,https://a2.muscache.com/im/pictures/202e4ad6-bbb4-44a1-85c6-f141fb672bd1.jpg?aki_policy=medium,https://a2.muscache.com/ac/pictures/202e4ad6-bbb4-44a1-85c6-f141fb672bd1.jpg?interpolation=lanczos-none&size=large_cover&output-format=jpg&output-quality=70,https://a2.muscache.com/ac/pictures/202e4ad6-bbb4-44a1-85c6-f141fb672bd1.jpg?interpolation=lanczos-none&size=x_large_cover&output-format=jpg&output-quality=70,25522052,https://www.airbnb.com/users/show/25522052,Karen,2015-01-03,"Tacoma, Washington, United States",,within an hour,100%,,f,"https://a0.muscache.com/ac/users/25522052/profile_pic/1420263155/original.jpg?interpolation=lanczos-none&crop=w:w;*,*&crop=h:h;*,*&resize=50:*&output-format=jpg&output-quality=70","https://a0.muscache.com/ac/users/25522052/profile_pic/1420263155/original.jpg?interpolation=lanczos-none&crop=w:w;*,*&crop=h:h;*,*&resize=225:*&output-format=jpg&output-quality=70",,1.0,1.0,"['email', 'phone', 'facebook', 'reviews', 'kba']",t,t,"43rd Avenue East, Seattle, WA 98112, United States",,Madison Park,Capitol Hill,Seattle,WA,98112,Seattle,"Seattle, WA",US,United States,47.63233495072211,-122.27553032447004,f,Condominium,Entire home/apt,2,1.0,0.0,1.0,Real Bed,"{TV,""Wireless Internet"",Kitchen,""Free Parking on Premises"",""Elevator in Building"",Heating,""Smoke Detector"",Essentials,Hangers,""Hair Dryer"",""Laptop Friendly Workspace""}",,$99.00,,,$300.00,$45.00,1,$0.00,3,1125,never,t,30,60,90,179,2016-01-04,0,,,,,,,,,,f,,WASHINGTON,f,moderate,f,f,1,
10208623,https://www.airbnb.com/rooms/10208623,20160104002432,2016-01-04,Large Lakefront Apartment,"All hardwood floors, fireplace, 65"" TV with Xbox One, elevator opens to the apartment (takes a key). A porch with a charcoal grill, king size bed, parking. 10 minutes walking from Fremont, 10 minutes walking from Queen Anne.",,"All hardwood floors, fireplace, 65"" TV with Xbox One, elevator opens to the apartment (takes a key). A porch with a charcoal grill, king size bed, parking. 10 minutes walking from Fremont, 10 minutes walking from Queen Anne. While we are away, our family will be around to help. Also our puppy will be boarded away.",none,,Also our puppy will be boarded away.,,https://a2.muscache.com/ac/pictures/596705b3-0354-4cb0-81d1-81c641d3923d.jpg?interpolation=lanczos-none&size=small&output-format=jpg&output-quality=70,https://a2.muscache.com/im/pictures/596705b3-0354-4cb0-81d1-81c641d3923d.jpg?aki_policy=medium,https://a2.muscache.com/ac/pictures/596705b3-0354-4cb0-81d1-81c641d3923d.jpg?interpolation=lanczos-none&size=large_cover&output-format=jpg&output-quality=70,https://a2.muscache.com/ac/pictures/596705b3-0354-4cb0-81d1-81c641d3923d.jpg?interpolation=lanczos-none&size=x_large_cover&output-format=jpg&output-quality=70,14703116,https://www.airbnb.com/users/show/14703116,Gil,2014-04-25,"Seattle, Washington, United States",,within a day,100%,,f,"https://a2.muscache.com/ac/pictures/8864f979-b3eb-44d7-88d1-210a2a691309.jpg?interpolation=lanczos-none&crop=w:w;*,*&crop=h:h;*,*&resize=50:*&output-format=jpg&output-quality=70","https://a2.muscache.com/ac/pictures/8864f979-b3eb-44d7-88d1-210a2a691309.jpg?interpolation=lanczos-none&crop=w:w;*,*&crop=h:h;*,*&resize=225:*&output-format=jpg&output-quality=70",Queen Anne,1.0,1.0,"['email', 'phone', 'reviews', 'kba']",t,t,"Westlake Avenue North, Seattle, WA 98109, United States",Queen Anne,East Queen Anne,Queen Anne,Seattle,WA,98109,Seattle,"Seattle, WA",US,United States,47.64118629707135,-122.34208457742405,t,Apartment,Entire home/apt,3,1.5,2.0,1.0,Real Bed,"{TV,""Cable TV"",Internet,""Wireless Internet"",Kitchen,""Free Parking on Premises"",""Pets live on this property"",Dog(s),""Elevator in Building"",""Hot Tub"",""Indoor Fireplace"",""Buzzer/Wireless Intercom"",Heating,""Family/Kid Friendly"",Washer,Dryer,""Smoke Detector"",Essentials,Shampoo,Hangers,Iron,""Laptop Friendly Workspace""}",,$87.00,,,,,1,$0.00,1,1125,a week ago,t,7,7,7,7,2016-01-04,0,,,,,,,,,,f,,WASHINGTON,f,flexible,f,f,1,
